{
    "accuracy": 0.994413407821229,
    "precision": 0.9955947136563876,
    "recall": 0.9955947136563876,
    "f1_score": 0.9955947136563876,
    "best_test_acc": 99.84917043740573,
    "hyperparameters": {
        "batch_size": 32,
        "learning_rate": 0.001,
        "num_epochs": 20
    }
}