{
    "accuracy": 0.9986013986013986,
    "precision": 1.0,
    "recall": 0.9977924944812362,
    "f1_score": 0.9988950276243094,
    "best_test_acc": 99.86013986013987,
    "hyperparameters": {
        "batch_size": 32,
        "learning_rate": 0.001,
        "num_epochs": 20
    }
}