{
    "accuracy": 0.9706293706293706,
    "precision": 0.9864864864864865,
    "recall": 0.9668874172185431,
    "f1_score": 0.9765886287625418
}