{
    "accuracy": 0.9888111888111888,
    "precision": 0.9955456570155902,
    "recall": 0.9867549668874173,
    "f1_score": 0.991130820399113,
    "best_params": {
        "C": 10,
        "gamma": "scale",
        "kernel": "rbf"
    }
}